tensor_name,layer_index,tensor_role,shape,q4_k_pure_type,q4_k_s_type,q4_k_m_type,pure_vs_s_changed,s_vs_m_changed,pure_vs_m_changed
output_norm.weight,,norm,2048,F32,F32,F32,0,0,0
rope_freqs.weight,,other,32,F32,F32,F32,0,0,0
token_embd.weight,,token_embd,2048x65536,Q4_K,Q6_K,Q6_K,1,0,1
blk.0.attn_k.weight,0,attn_k,2048x512,Q4_K,Q4_K,Q4_K,0,0,0
blk.0.attn_k_norm.weight,0,norm,64,F32,F32,F32,0,0,0
blk.0.attn_output.weight,0,attn_output,2048x2048,Q4_K,Q4_K,Q4_K,0,0,0
blk.0.attn_q.weight,0,attn_q,2048x2048,Q4_K,Q4_K,Q4_K,0,0,0
blk.0.attn_q_norm.weight,0,norm,64,F32,F32,F32,0,0,0
blk.0.attn_v.weight,0,attn_v,2048x512,Q4_K,Q5_K,Q6_K,1,1,1
blk.0.ffn_down.weight,0,ffn_down,4096x2048,Q4_K,Q5_K,Q6_K,1,1,1
blk.0.ffn_gate.weight,0,ffn_gate,2048x4096,Q4_K,Q4_K,Q4_K,0,0,0
blk.0.ffn_up.weight,0,ffn_up,2048x4096,Q4_K,Q4_K,Q4_K,0,0,0
blk.0.post_attention_norm.weight,0,norm,2048,F32,F32,F32,0,0,0
blk.0.post_ffw_norm.weight,0,norm,2048,F32,F32,F32,0,0,0
blk.1.attn_k.weight,1,attn_k,2048x512,Q4_K,Q4_K,Q4_K,0,0,0
blk.1.attn_k_norm.weight,1,norm,64,F32,F32,F32,0,0,0
blk.1.attn_output.weight,1,attn_output,2048x2048,Q4_K,Q4_K,Q4_K,0,0,0
blk.1.attn_q.weight,1,attn_q,2048x2048,Q4_K,Q4_K,Q4_K,0,0,0
blk.1.attn_q_norm.weight,1,norm,64,F32,F32,F32,0,0,0
blk.1.attn_v.weight,1,attn_v,2048x512,Q4_K,Q5_K,Q6_K,1,1,1
blk.1.ffn_down.weight,1,ffn_down,4096x2048,Q4_K,Q5_K,Q6_K,1,1,1
blk.1.ffn_gate.weight,1,ffn_gate,2048x4096,Q4_K,Q4_K,Q4_K,0,0,0
blk.1.ffn_up.weight,1,ffn_up,2048x4096,Q4_K,Q4_K,Q4_K,0,0,0
blk.1.post_attention_norm.weight,1,norm,2048,F32,F32,F32,0,0,0
blk.1.post_ffw_norm.weight,1,norm,2048,F32,F32,F32,0,0,0
blk.2.attn_k.weight,2,attn_k,2048x512,Q4_K,Q4_K,Q4_K,0,0,0
blk.2.attn_k_norm.weight,2,norm,64,F32,F32,F32,0,0,0
blk.2.attn_output.weight,2,attn_output,2048x2048,Q4_K,Q4_K,Q4_K,0,0,0
blk.2.attn_q.weight,2,attn_q,2048x2048,Q4_K,Q4_K,Q4_K,0,0,0
blk.2.attn_q_norm.weight,2,norm,64,F32,F32,F32,0,0,0
blk.2.attn_v.weight,2,attn_v,2048x512,Q4_K,Q5_K,Q6_K,1,1,1
blk.2.ffn_down.weight,2,ffn_down,4096x2048,Q4_K,Q5_K,Q6_K,1,1,1
blk.2.ffn_gate.weight,2,ffn_gate,2048x4096,Q4_K,Q4_K,Q4_K,0,0,0
blk.2.ffn_up.weight,2,ffn_up,2048x4096,Q4_K,Q4_K,Q4_K,0,0,0
blk.2.post_attention_norm.weight,2,norm,2048,F32,F32,F32,0,0,0
blk.2.post_ffw_norm.weight,2,norm,2048,F32,F32,F32,0,0,0
blk.3.attn_k.weight,3,attn_k,2048x512,Q4_K,Q4_K,Q4_K,0,0,0
blk.3.attn_k_norm.weight,3,norm,64,F32,F32,F32,0,0,0
blk.3.attn_output.weight,3,attn_output,2048x2048,Q4_K,Q4_K,Q4_K,0,0,0
blk.3.attn_q.weight,3,attn_q,2048x2048,Q4_K,Q4_K,Q4_K,0,0,0
blk.3.attn_q_norm.weight,3,norm,64,F32,F32,F32,0,0,0
blk.3.attn_v.weight,3,attn_v,2048x512,Q4_K,Q5_K,Q4_K,1,1,0
blk.3.ffn_down.weight,3,ffn_down,4096x2048,Q4_K,Q4_K,Q4_K,0,0,0
blk.3.ffn_gate.weight,3,ffn_gate,2048x4096,Q4_K,Q4_K,Q4_K,0,0,0
blk.3.ffn_up.weight,3,ffn_up,2048x4096,Q4_K,Q4_K,Q4_K,0,0,0
blk.3.post_attention_norm.weight,3,norm,2048,F32,F32,F32,0,0,0
blk.3.post_ffw_norm.weight,3,norm,2048,F32,F32,F32,0,0,0
blk.4.attn_k.weight,4,attn_k,2048x512,Q4_K,Q4_K,Q4_K,0,0,0
blk.4.attn_k_norm.weight,4,norm,64,F32,F32,F32,0,0,0
blk.4.attn_output.weight,4,attn_output,2048x2048,Q4_K,Q4_K,Q4_K,0,0,0
blk.4.attn_q.weight,4,attn_q,2048x2048,Q4_K,Q4_K,Q4_K,0,0,0
blk.4.attn_q_norm.weight,4,norm,64,F32,F32,F32,0,0,0
blk.4.attn_v.weight,4,attn_v,2048x512,Q4_K,Q4_K,Q4_K,0,0,0
blk.4.ffn_down.weight,4,ffn_down,4096x2048,Q4_K,Q4_K,Q4_K,0,0,0
blk.4.ffn_gate.weight,4,ffn_gate,2048x4096,Q4_K,Q4_K,Q4_K,0,0,0
blk.4.ffn_up.weight,4,ffn_up,2048x4096,Q4_K,Q4_K,Q4_K,0,0,0
blk.4.post_attention_norm.weight,4,norm,2048,F32,F32,F32,0,0,0
blk.4.post_ffw_norm.weight,4,norm,2048,F32,F32,F32,0,0,0
blk.5.attn_k.weight,5,attn_k,2048x512,Q4_K,Q4_K,Q4_K,0,0,0
blk.5.attn_k_norm.weight,5,norm,64,F32,F32,F32,0,0,0
blk.5.attn_output.weight,5,attn_output,2048x2048,Q4_K,Q4_K,Q4_K,0,0,0
blk.5.attn_q.weight,5,attn_q,2048x2048,Q4_K,Q4_K,Q4_K,0,0,0
blk.5.attn_q_norm.weight,5,norm,64,F32,F32,F32,0,0,0
blk.5.attn_v.weight,5,attn_v,2048x512,Q4_K,Q4_K,Q6_K,0,1,1
blk.5.ffn_down.weight,5,ffn_down,4096x2048,Q4_K,Q4_K,Q6_K,0,1,1
blk.5.ffn_gate.weight,5,ffn_gate,2048x4096,Q4_K,Q4_K,Q4_K,0,0,0
blk.5.ffn_up.weight,5,ffn_up,2048x4096,Q4_K,Q4_K,Q4_K,0,0,0
blk.5.post_attention_norm.weight,5,norm,2048,F32,F32,F32,0,0,0
blk.5.post_ffw_norm.weight,5,norm,2048,F32,F32,F32,0,0,0
blk.6.attn_k.weight,6,attn_k,2048x512,Q4_K,Q4_K,Q4_K,0,0,0
blk.6.attn_k_norm.weight,6,norm,64,F32,F32,F32,0,0,0
blk.6.attn_output.weight,6,attn_output,2048x2048,Q4_K,Q4_K,Q4_K,0,0,0
blk.6.attn_q.weight,6,attn_q,2048x2048,Q4_K,Q4_K,Q4_K,0,0,0
blk.6.attn_q_norm.weight,6,norm,64,F32,F32,F32,0,0,0
blk.6.attn_v.weight,6,attn_v,2048x512,Q4_K,Q4_K,Q4_K,0,0,0
blk.6.ffn_down.weight,6,ffn_down,4096x2048,Q4_K,Q4_K,Q4_K,0,0,0
blk.6.ffn_gate.weight,6,ffn_gate,2048x4096,Q4_K,Q4_K,Q4_K,0,0,0
blk.6.ffn_up.weight,6,ffn_up,2048x4096,Q4_K,Q4_K,Q4_K,0,0,0
blk.6.post_attention_norm.weight,6,norm,2048,F32,F32,F32,0,0,0
blk.6.post_ffw_norm.weight,6,norm,2048,F32,F32,F32,0,0,0
blk.7.attn_k.weight,7,attn_k,2048x512,Q4_K,Q4_K,Q4_K,0,0,0
blk.7.attn_k_norm.weight,7,norm,64,F32,F32,F32,0,0,0
blk.7.attn_output.weight,7,attn_output,2048x2048,Q4_K,Q4_K,Q4_K,0,0,0
blk.7.attn_q.weight,7,attn_q,2048x2048,Q4_K,Q4_K,Q4_K,0,0,0
blk.7.attn_q_norm.weight,7,norm,64,F32,F32,F32,0,0,0
blk.7.attn_v.weight,7,attn_v,2048x512,Q4_K,Q4_K,Q4_K,0,0,0
blk.7.ffn_down.weight,7,ffn_down,4096x2048,Q4_K,Q4_K,Q4_K,0,0,0
blk.7.ffn_gate.weight,7,ffn_gate,2048x4096,Q4_K,Q4_K,Q4_K,0,0,0
blk.7.ffn_up.weight,7,ffn_up,2048x4096,Q4_K,Q4_K,Q4_K,0,0,0
blk.7.post_attention_norm.weight,7,norm,2048,F32,F32,F32,0,0,0
blk.7.post_ffw_norm.weight,7,norm,2048,F32,F32,F32,0,0,0
blk.8.attn_k.weight,8,attn_k,2048x512,Q4_K,Q4_K,Q4_K,0,0,0
blk.8.attn_k_norm.weight,8,norm,64,F32,F32,F32,0,0,0
blk.8.attn_output.weight,8,attn_output,2048x2048,Q4_K,Q4_K,Q4_K,0,0,0
blk.8.attn_q.weight,8,attn_q,2048x2048,Q4_K,Q4_K,Q4_K,0,0,0
blk.8.attn_q_norm.weight,8,norm,64,F32,F32,F32,0,0,0
blk.8.attn_v.weight,8,attn_v,2048x512,Q4_K,Q4_K,Q6_K,0,1,1
blk.8.ffn_down.weight,8,ffn_down,4096x2048,Q4_K,Q4_K,Q6_K,0,1,1
blk.8.ffn_gate.weight,8,ffn_gate,2048x4096,Q4_K,Q4_K,Q4_K,0,0,0
blk.8.ffn_up.weight,8,ffn_up,2048x4096,Q4_K,Q4_K,Q4_K,0,0,0
blk.8.post_attention_norm.weight,8,norm,2048,F32,F32,F32,0,0,0
blk.8.post_ffw_norm.weight,8,norm,2048,F32,F32,F32,0,0,0
blk.9.attn_k.weight,9,attn_k,2048x512,Q4_K,Q4_K,Q4_K,0,0,0
blk.9.attn_k_norm.weight,9,norm,64,F32,F32,F32,0,0,0
blk.9.attn_output.weight,9,attn_output,2048x2048,Q4_K,Q4_K,Q4_K,0,0,0
blk.9.attn_q.weight,9,attn_q,2048x2048,Q4_K,Q4_K,Q4_K,0,0,0
blk.9.attn_q_norm.weight,9,norm,64,F32,F32,F32,0,0,0
blk.9.attn_v.weight,9,attn_v,2048x512,Q4_K,Q4_K,Q4_K,0,0,0
blk.9.ffn_down.weight,9,ffn_down,4096x2048,Q4_K,Q4_K,Q4_K,0,0,0
blk.9.ffn_gate.weight,9,ffn_gate,2048x4096,Q4_K,Q4_K,Q4_K,0,0,0
blk.9.ffn_up.weight,9,ffn_up,2048x4096,Q4_K,Q4_K,Q4_K,0,0,0
blk.9.post_attention_norm.weight,9,norm,2048,F32,F32,F32,0,0,0
blk.9.post_ffw_norm.weight,9,norm,2048,F32,F32,F32,0,0,0
blk.10.attn_k.weight,10,attn_k,2048x512,Q4_K,Q4_K,Q4_K,0,0,0
blk.10.attn_k_norm.weight,10,norm,64,F32,F32,F32,0,0,0
blk.10.attn_output.weight,10,attn_output,2048x2048,Q4_K,Q4_K,Q4_K,0,0,0
blk.10.attn_q.weight,10,attn_q,2048x2048,Q4_K,Q4_K,Q4_K,0,0,0
blk.10.attn_q_norm.weight,10,norm,64,F32,F32,F32,0,0,0
blk.10.attn_v.weight,10,attn_v,2048x512,Q4_K,Q4_K,Q4_K,0,0,0
blk.10.ffn_down.weight,10,ffn_down,4096x2048,Q4_K,Q4_K,Q4_K,0,0,0
blk.10.ffn_gate.weight,10,ffn_gate,2048x4096,Q4_K,Q4_K,Q4_K,0,0,0
blk.10.ffn_up.weight,10,ffn_up,2048x4096,Q4_K,Q4_K,Q4_K,0,0,0
blk.10.post_attention_norm.weight,10,norm,2048,F32,F32,F32,0,0,0
blk.10.post_ffw_norm.weight,10,norm,2048,F32,F32,F32,0,0,0
blk.11.attn_k.weight,11,attn_k,2048x512,Q4_K,Q4_K,Q4_K,0,0,0
blk.11.attn_k_norm.weight,11,norm,64,F32,F32,F32,0,0,0
blk.11.attn_output.weight,11,attn_output,2048x2048,Q4_K,Q4_K,Q4_K,0,0,0
blk.11.attn_q.weight,11,attn_q,2048x2048,Q4_K,Q4_K,Q4_K,0,0,0
blk.11.attn_q_norm.weight,11,norm,64,F32,F32,F32,0,0,0
blk.11.attn_v.weight,11,attn_v,2048x512,Q4_K,Q4_K,Q6_K,0,1,1
blk.11.ffn_down.weight,11,ffn_down,4096x2048,Q4_K,Q4_K,Q6_K,0,1,1
blk.11.ffn_gate.weight,11,ffn_gate,2048x4096,Q4_K,Q4_K,Q4_K,0,0,0
blk.11.ffn_up.weight,11,ffn_up,2048x4096,Q4_K,Q4_K,Q4_K,0,0,0
blk.11.post_attention_norm.weight,11,norm,2048,F32,F32,F32,0,0,0
blk.11.post_ffw_norm.weight,11,norm,2048,F32,F32,F32,0,0,0
blk.12.attn_k.weight,12,attn_k,2048x512,Q4_K,Q4_K,Q4_K,0,0,0
blk.12.attn_k_norm.weight,12,norm,64,F32,F32,F32,0,0,0
blk.12.attn_output.weight,12,attn_output,2048x2048,Q4_K,Q4_K,Q4_K,0,0,0
blk.12.attn_q.weight,12,attn_q,2048x2048,Q4_K,Q4_K,Q4_K,0,0,0
blk.12.attn_q_norm.weight,12,norm,64,F32,F32,F32,0,0,0
blk.12.attn_v.weight,12,attn_v,2048x512,Q4_K,Q4_K,Q4_K,0,0,0
blk.12.ffn_down.weight,12,ffn_down,4096x2048,Q4_K,Q4_K,Q4_K,0,0,0
blk.12.ffn_gate.weight,12,ffn_gate,2048x4096,Q4_K,Q4_K,Q4_K,0,0,0
blk.12.ffn_up.weight,12,ffn_up,2048x4096,Q4_K,Q4_K,Q4_K,0,0,0
blk.12.post_attention_norm.weight,12,norm,2048,F32,F32,F32,0,0,0
blk.12.post_ffw_norm.weight,12,norm,2048,F32,F32,F32,0,0,0
blk.13.attn_k.weight,13,attn_k,2048x512,Q4_K,Q4_K,Q4_K,0,0,0
blk.13.attn_k_norm.weight,13,norm,64,F32,F32,F32,0,0,0
blk.13.attn_output.weight,13,attn_output,2048x2048,Q4_K,Q4_K,Q4_K,0,0,0
blk.13.attn_q.weight,13,attn_q,2048x2048,Q4_K,Q4_K,Q4_K,0,0,0
blk.13.attn_q_norm.weight,13,norm,64,F32,F32,F32,0,0,0
blk.13.attn_v.weight,13,attn_v,2048x512,Q4_K,Q4_K,Q4_K,0,0,0
blk.13.ffn_down.weight,13,ffn_down,4096x2048,Q4_K,Q4_K,Q4_K,0,0,0
blk.13.ffn_gate.weight,13,ffn_gate,2048x4096,Q4_K,Q4_K,Q4_K,0,0,0
blk.13.ffn_up.weight,13,ffn_up,2048x4096,Q4_K,Q4_K,Q4_K,0,0,0
blk.13.post_attention_norm.weight,13,norm,2048,F32,F32,F32,0,0,0
blk.13.post_ffw_norm.weight,13,norm,2048,F32,F32,F32,0,0,0
blk.14.attn_k.weight,14,attn_k,2048x512,Q4_K,Q4_K,Q4_K,0,0,0
blk.14.attn_k_norm.weight,14,norm,64,F32,F32,F32,0,0,0
blk.14.attn_output.weight,14,attn_output,2048x2048,Q4_K,Q4_K,Q4_K,0,0,0
blk.14.attn_q.weight,14,attn_q,2048x2048,Q4_K,Q4_K,Q4_K,0,0,0
blk.14.attn_q_norm.weight,14,norm,64,F32,F32,F32,0,0,0
blk.14.attn_v.weight,14,attn_v,2048x512,Q4_K,Q4_K,Q6_K,0,1,1
blk.14.ffn_down.weight,14,ffn_down,4096x2048,Q4_K,Q4_K,Q6_K,0,1,1
blk.14.ffn_gate.weight,14,ffn_gate,2048x4096,Q4_K,Q4_K,Q4_K,0,0,0
blk.14.ffn_up.weight,14,ffn_up,2048x4096,Q4_K,Q4_K,Q4_K,0,0,0
blk.14.post_attention_norm.weight,14,norm,2048,F32,F32,F32,0,0,0
blk.14.post_ffw_norm.weight,14,norm,2048,F32,F32,F32,0,0,0
blk.15.attn_k.weight,15,attn_k,2048x512,Q4_K,Q4_K,Q4_K,0,0,0
blk.15.attn_k_norm.weight,15,norm,64,F32,F32,F32,0,0,0
blk.15.attn_output.weight,15,attn_output,2048x2048,Q4_K,Q4_K,Q4_K,0,0,0
blk.15.attn_q.weight,15,attn_q,2048x2048,Q4_K,Q4_K,Q4_K,0,0,0
blk.15.attn_q_norm.weight,15,norm,64,F32,F32,F32,0,0,0
blk.15.attn_v.weight,15,attn_v,2048x512,Q4_K,Q4_K,Q4_K,0,0,0
blk.15.ffn_down.weight,15,ffn_down,4096x2048,Q4_K,Q4_K,Q4_K,0,0,0
blk.15.ffn_gate.weight,15,ffn_gate,2048x4096,Q4_K,Q4_K,Q4_K,0,0,0
blk.15.ffn_up.weight,15,ffn_up,2048x4096,Q4_K,Q4_K,Q4_K,0,0,0
blk.15.post_attention_norm.weight,15,norm,2048,F32,F32,F32,0,0,0
blk.15.post_ffw_norm.weight,15,norm,2048,F32,F32,F32,0,0,0
blk.16.attn_k.weight,16,attn_k,2048x512,Q4_K,Q4_K,Q4_K,0,0,0
blk.16.attn_k_norm.weight,16,norm,64,F32,F32,F32,0,0,0
blk.16.attn_output.weight,16,attn_output,2048x2048,Q4_K,Q4_K,Q4_K,0,0,0
blk.16.attn_q.weight,16,attn_q,2048x2048,Q4_K,Q4_K,Q4_K,0,0,0
blk.16.attn_q_norm.weight,16,norm,64,F32,F32,F32,0,0,0
blk.16.attn_v.weight,16,attn_v,2048x512,Q4_K,Q4_K,Q4_K,0,0,0
blk.16.ffn_down.weight,16,ffn_down,4096x2048,Q4_K,Q4_K,Q4_K,0,0,0
blk.16.ffn_gate.weight,16,ffn_gate,2048x4096,Q4_K,Q4_K,Q4_K,0,0,0
blk.16.ffn_up.weight,16,ffn_up,2048x4096,Q4_K,Q4_K,Q4_K,0,0,0
blk.16.post_attention_norm.weight,16,norm,2048,F32,F32,F32,0,0,0
blk.16.post_ffw_norm.weight,16,norm,2048,F32,F32,F32,0,0,0
blk.17.attn_k.weight,17,attn_k,2048x512,Q4_K,Q4_K,Q4_K,0,0,0
blk.17.attn_k_norm.weight,17,norm,64,F32,F32,F32,0,0,0
blk.17.attn_output.weight,17,attn_output,2048x2048,Q4_K,Q4_K,Q4_K,0,0,0
blk.17.attn_q.weight,17,attn_q,2048x2048,Q4_K,Q4_K,Q4_K,0,0,0
blk.17.attn_q_norm.weight,17,norm,64,F32,F32,F32,0,0,0
blk.17.attn_v.weight,17,attn_v,2048x512,Q4_K,Q4_K,Q6_K,0,1,1
blk.17.ffn_down.weight,17,ffn_down,4096x2048,Q4_K,Q4_K,Q6_K,0,1,1
blk.17.ffn_gate.weight,17,ffn_gate,2048x4096,Q4_K,Q4_K,Q4_K,0,0,0
blk.17.ffn_up.weight,17,ffn_up,2048x4096,Q4_K,Q4_K,Q4_K,0,0,0
blk.17.post_attention_norm.weight,17,norm,2048,F32,F32,F32,0,0,0
blk.17.post_ffw_norm.weight,17,norm,2048,F32,F32,F32,0,0,0
blk.18.attn_k.weight,18,attn_k,2048x512,Q4_K,Q4_K,Q4_K,0,0,0
blk.18.attn_k_norm.weight,18,norm,64,F32,F32,F32,0,0,0
blk.18.attn_output.weight,18,attn_output,2048x2048,Q4_K,Q4_K,Q4_K,0,0,0
blk.18.attn_q.weight,18,attn_q,2048x2048,Q4_K,Q4_K,Q4_K,0,0,0
blk.18.attn_q_norm.weight,18,norm,64,F32,F32,F32,0,0,0
blk.18.attn_v.weight,18,attn_v,2048x512,Q4_K,Q4_K,Q4_K,0,0,0
blk.18.ffn_down.weight,18,ffn_down,4096x2048,Q4_K,Q4_K,Q4_K,0,0,0
blk.18.ffn_gate.weight,18,ffn_gate,2048x4096,Q4_K,Q4_K,Q4_K,0,0,0
blk.18.ffn_up.weight,18,ffn_up,2048x4096,Q4_K,Q4_K,Q4_K,0,0,0
blk.18.post_attention_norm.weight,18,norm,2048,F32,F32,F32,0,0,0
blk.18.post_ffw_norm.weight,18,norm,2048,F32,F32,F32,0,0,0
blk.19.attn_k.weight,19,attn_k,2048x512,Q4_K,Q4_K,Q4_K,0,0,0
blk.19.attn_k_norm.weight,19,norm,64,F32,F32,F32,0,0,0
blk.19.attn_output.weight,19,attn_output,2048x2048,Q4_K,Q4_K,Q4_K,0,0,0
blk.19.attn_q.weight,19,attn_q,2048x2048,Q4_K,Q4_K,Q4_K,0,0,0
blk.19.attn_q_norm.weight,19,norm,64,F32,F32,F32,0,0,0
blk.19.attn_v.weight,19,attn_v,2048x512,Q4_K,Q4_K,Q4_K,0,0,0
blk.19.ffn_down.weight,19,ffn_down,4096x2048,Q4_K,Q4_K,Q4_K,0,0,0
blk.19.ffn_gate.weight,19,ffn_gate,2048x4096,Q4_K,Q4_K,Q4_K,0,0,0
blk.19.ffn_up.weight,19,ffn_up,2048x4096,Q4_K,Q4_K,Q4_K,0,0,0
blk.19.post_attention_norm.weight,19,norm,2048,F32,F32,F32,0,0,0
blk.19.post_ffw_norm.weight,19,norm,2048,F32,F32,F32,0,0,0
blk.20.attn_k.weight,20,attn_k,2048x512,Q4_K,Q4_K,Q4_K,0,0,0
blk.20.attn_k_norm.weight,20,norm,64,F32,F32,F32,0,0,0
blk.20.attn_output.weight,20,attn_output,2048x2048,Q4_K,Q4_K,Q4_K,0,0,0
blk.20.attn_q.weight,20,attn_q,2048x2048,Q4_K,Q4_K,Q4_K,0,0,0
blk.20.attn_q_norm.weight,20,norm,64,F32,F32,F32,0,0,0
blk.20.attn_v.weight,20,attn_v,2048x512,Q4_K,Q4_K,Q6_K,0,1,1
blk.20.ffn_down.weight,20,ffn_down,4096x2048,Q4_K,Q4_K,Q6_K,0,1,1
blk.20.ffn_gate.weight,20,ffn_gate,2048x4096,Q4_K,Q4_K,Q4_K,0,0,0
blk.20.ffn_up.weight,20,ffn_up,2048x4096,Q4_K,Q4_K,Q4_K,0,0,0
blk.20.post_attention_norm.weight,20,norm,2048,F32,F32,F32,0,0,0
blk.20.post_ffw_norm.weight,20,norm,2048,F32,F32,F32,0,0,0
blk.21.attn_k.weight,21,attn_k,2048x512,Q4_K,Q4_K,Q4_K,0,0,0
blk.21.attn_k_norm.weight,21,norm,64,F32,F32,F32,0,0,0
blk.21.attn_output.weight,21,attn_output,2048x2048,Q4_K,Q4_K,Q4_K,0,0,0
blk.21.attn_q.weight,21,attn_q,2048x2048,Q4_K,Q4_K,Q4_K,0,0,0
blk.21.attn_q_norm.weight,21,norm,64,F32,F32,F32,0,0,0
blk.21.attn_v.weight,21,attn_v,2048x512,Q4_K,Q4_K,Q4_K,0,0,0
blk.21.ffn_down.weight,21,ffn_down,4096x2048,Q4_K,Q4_K,Q4_K,0,0,0
blk.21.ffn_gate.weight,21,ffn_gate,2048x4096,Q4_K,Q4_K,Q4_K,0,0,0
blk.21.ffn_up.weight,21,ffn_up,2048x4096,Q4_K,Q4_K,Q4_K,0,0,0
blk.21.post_attention_norm.weight,21,norm,2048,F32,F32,F32,0,0,0
blk.21.post_ffw_norm.weight,21,norm,2048,F32,F32,F32,0,0,0
blk.22.attn_k.weight,22,attn_k,2048x512,Q4_K,Q4_K,Q4_K,0,0,0
blk.22.attn_k_norm.weight,22,norm,64,F32,F32,F32,0,0,0
blk.22.attn_output.weight,22,attn_output,2048x2048,Q4_K,Q4_K,Q4_K,0,0,0
blk.22.attn_q.weight,22,attn_q,2048x2048,Q4_K,Q4_K,Q4_K,0,0,0
blk.22.attn_q_norm.weight,22,norm,64,F32,F32,F32,0,0,0
blk.22.attn_v.weight,22,attn_v,2048x512,Q4_K,Q4_K,Q4_K,0,0,0
blk.22.ffn_down.weight,22,ffn_down,4096x2048,Q4_K,Q4_K,Q4_K,0,0,0
blk.22.ffn_gate.weight,22,ffn_gate,2048x4096,Q4_K,Q4_K,Q4_K,0,0,0
blk.22.ffn_up.weight,22,ffn_up,2048x4096,Q4_K,Q4_K,Q4_K,0,0,0
blk.22.post_attention_norm.weight,22,norm,2048,F32,F32,F32,0,0,0
blk.22.post_ffw_norm.weight,22,norm,2048,F32,F32,F32,0,0,0
blk.23.attn_k.weight,23,attn_k,2048x512,Q4_K,Q4_K,Q4_K,0,0,0
blk.23.attn_k_norm.weight,23,norm,64,F32,F32,F32,0,0,0
blk.23.attn_output.weight,23,attn_output,2048x2048,Q4_K,Q4_K,Q4_K,0,0,0
blk.23.attn_q.weight,23,attn_q,2048x2048,Q4_K,Q4_K,Q4_K,0,0,0
blk.23.attn_q_norm.weight,23,norm,64,F32,F32,F32,0,0,0
blk.23.attn_v.weight,23,attn_v,2048x512,Q4_K,Q4_K,Q6_K,0,1,1
blk.23.ffn_down.weight,23,ffn_down,4096x2048,Q4_K,Q4_K,Q6_K,0,1,1
blk.23.ffn_gate.weight,23,ffn_gate,2048x4096,Q4_K,Q4_K,Q4_K,0,0,0
blk.23.ffn_up.weight,23,ffn_up,2048x4096,Q4_K,Q4_K,Q4_K,0,0,0
blk.23.post_attention_norm.weight,23,norm,2048,F32,F32,F32,0,0,0
blk.23.post_ffw_norm.weight,23,norm,2048,F32,F32,F32,0,0,0
blk.24.attn_k.weight,24,attn_k,2048x512,Q4_K,Q4_K,Q4_K,0,0,0
blk.24.attn_k_norm.weight,24,norm,64,F32,F32,F32,0,0,0
blk.24.attn_output.weight,24,attn_output,2048x2048,Q4_K,Q4_K,Q4_K,0,0,0
blk.24.attn_q.weight,24,attn_q,2048x2048,Q4_K,Q4_K,Q4_K,0,0,0
blk.24.attn_q_norm.weight,24,norm,64,F32,F32,F32,0,0,0
blk.24.attn_v.weight,24,attn_v,2048x512,Q4_K,Q4_K,Q4_K,0,0,0
blk.24.ffn_down.weight,24,ffn_down,4096x2048,Q4_K,Q4_K,Q4_K,0,0,0
blk.24.ffn_gate.weight,24,ffn_gate,2048x4096,Q4_K,Q4_K,Q4_K,0,0,0
blk.24.ffn_up.weight,24,ffn_up,2048x4096,Q4_K,Q4_K,Q4_K,0,0,0
blk.24.post_attention_norm.weight,24,norm,2048,F32,F32,F32,0,0,0
blk.24.post_ffw_norm.weight,24,norm,2048,F32,F32,F32,0,0,0
blk.25.attn_k.weight,25,attn_k,2048x512,Q4_K,Q4_K,Q4_K,0,0,0
blk.25.attn_k_norm.weight,25,norm,64,F32,F32,F32,0,0,0
blk.25.attn_output.weight,25,attn_output,2048x2048,Q4_K,Q4_K,Q4_K,0,0,0
blk.25.attn_q.weight,25,attn_q,2048x2048,Q4_K,Q4_K,Q4_K,0,0,0
blk.25.attn_q_norm.weight,25,norm,64,F32,F32,F32,0,0,0
blk.25.attn_v.weight,25,attn_v,2048x512,Q4_K,Q4_K,Q4_K,0,0,0
blk.25.ffn_down.weight,25,ffn_down,4096x2048,Q4_K,Q4_K,Q4_K,0,0,0
blk.25.ffn_gate.weight,25,ffn_gate,2048x4096,Q4_K,Q4_K,Q4_K,0,0,0
blk.25.ffn_up.weight,25,ffn_up,2048x4096,Q4_K,Q4_K,Q4_K,0,0,0
blk.25.post_attention_norm.weight,25,norm,2048,F32,F32,F32,0,0,0
blk.25.post_ffw_norm.weight,25,norm,2048,F32,F32,F32,0,0,0
blk.26.attn_k.weight,26,attn_k,2048x512,Q4_K,Q4_K,Q4_K,0,0,0
blk.26.attn_k_norm.weight,26,norm,64,F32,F32,F32,0,0,0
blk.26.attn_output.weight,26,attn_output,2048x2048,Q4_K,Q4_K,Q4_K,0,0,0
blk.26.attn_q.weight,26,attn_q,2048x2048,Q4_K,Q4_K,Q4_K,0,0,0
blk.26.attn_q_norm.weight,26,norm,64,F32,F32,F32,0,0,0
blk.26.attn_v.weight,26,attn_v,2048x512,Q4_K,Q4_K,Q6_K,0,1,1
blk.26.ffn_down.weight,26,ffn_down,4096x2048,Q4_K,Q4_K,Q6_K,0,1,1
blk.26.ffn_gate.weight,26,ffn_gate,2048x4096,Q4_K,Q4_K,Q4_K,0,0,0
blk.26.ffn_up.weight,26,ffn_up,2048x4096,Q4_K,Q4_K,Q4_K,0,0,0
blk.26.post_attention_norm.weight,26,norm,2048,F32,F32,F32,0,0,0
blk.26.post_ffw_norm.weight,26,norm,2048,F32,F32,F32,0,0,0
blk.27.attn_k.weight,27,attn_k,2048x512,Q4_K,Q4_K,Q4_K,0,0,0
blk.27.attn_k_norm.weight,27,norm,64,F32,F32,F32,0,0,0
blk.27.attn_output.weight,27,attn_output,2048x2048,Q4_K,Q4_K,Q4_K,0,0,0
blk.27.attn_q.weight,27,attn_q,2048x2048,Q4_K,Q4_K,Q4_K,0,0,0
blk.27.attn_q_norm.weight,27,norm,64,F32,F32,F32,0,0,0
blk.27.attn_v.weight,27,attn_v,2048x512,Q4_K,Q4_K,Q6_K,0,1,1
blk.27.ffn_down.weight,27,ffn_down,4096x2048,Q4_K,Q4_K,Q6_K,0,1,1
blk.27.ffn_gate.weight,27,ffn_gate,2048x4096,Q4_K,Q4_K,Q4_K,0,0,0
blk.27.ffn_up.weight,27,ffn_up,2048x4096,Q4_K,Q4_K,Q4_K,0,0,0
blk.27.post_attention_norm.weight,27,norm,2048,F32,F32,F32,0,0,0
blk.27.post_ffw_norm.weight,27,norm,2048,F32,F32,F32,0,0,0
blk.28.attn_k.weight,28,attn_k,2048x512,Q4_K,Q4_K,Q4_K,0,0,0
blk.28.attn_k_norm.weight,28,norm,64,F32,F32,F32,0,0,0
blk.28.attn_output.weight,28,attn_output,2048x2048,Q4_K,Q4_K,Q4_K,0,0,0
blk.28.attn_q.weight,28,attn_q,2048x2048,Q4_K,Q4_K,Q4_K,0,0,0
blk.28.attn_q_norm.weight,28,norm,64,F32,F32,F32,0,0,0
blk.28.attn_v.weight,28,attn_v,2048x512,Q4_K,Q4_K,Q6_K,0,1,1
blk.28.ffn_down.weight,28,ffn_down,4096x2048,Q4_K,Q4_K,Q6_K,0,1,1
blk.28.ffn_gate.weight,28,ffn_gate,2048x4096,Q4_K,Q4_K,Q4_K,0,0,0
blk.28.ffn_up.weight,28,ffn_up,2048x4096,Q4_K,Q4_K,Q4_K,0,0,0
blk.28.post_attention_norm.weight,28,norm,2048,F32,F32,F32,0,0,0
blk.28.post_ffw_norm.weight,28,norm,2048,F32,F32,F32,0,0,0
blk.29.attn_k.weight,29,attn_k,2048x512,Q4_K,Q4_K,Q4_K,0,0,0
blk.29.attn_k_norm.weight,29,norm,64,F32,F32,F32,0,0,0
blk.29.attn_output.weight,29,attn_output,2048x2048,Q4_K,Q4_K,Q4_K,0,0,0
blk.29.attn_q.weight,29,attn_q,2048x2048,Q4_K,Q4_K,Q4_K,0,0,0
blk.29.attn_q_norm.weight,29,norm,64,F32,F32,F32,0,0,0
blk.29.attn_v.weight,29,attn_v,2048x512,Q4_K,Q4_K,Q6_K,0,1,1
blk.29.ffn_down.weight,29,ffn_down,4096x2048,Q4_K,Q4_K,Q6_K,0,1,1
blk.29.ffn_gate.weight,29,ffn_gate,2048x4096,Q4_K,Q4_K,Q4_K,0,0,0
blk.29.ffn_up.weight,29,ffn_up,2048x4096,Q4_K,Q4_K,Q4_K,0,0,0
blk.29.post_attention_norm.weight,29,norm,2048,F32,F32,F32,0,0,0
blk.29.post_ffw_norm.weight,29,norm,2048,F32,F32,F32,0,0,0
